lp,sluchacz,wynik,wersja,muzyka,doswiadczenie,kryterium
1,1,2,S,symf,brak,naturalnosc
2,2,3,S,symf,brak,naturalnosc
3,3,2,S,symf,brak,naturalnosc
4,4,1,S,symf,brak,naturalnosc
5,5,4,S,symf,brak,naturalnosc
6,6,3,S,symf,brak,naturalnosc
7,7,2,S,symf,brak,naturalnosc
8,8,3,S,symf,brak,naturalnosc
9,9,2,S,symf,brak,naturalnosc
10,10,4,S,symf,brak,naturalnosc
11,11,3,S,symf,brak,naturalnosc
12,12,2,S,symf,brak,naturalnosc
13,13,4,S,symf,brak,naturalnosc
14,14,5,S,symf,brak,naturalnosc
15,15,4,S,symf,brak,naturalnosc
16,16,3,S,symf,brak,naturalnosc
17,17,3,S,symf,brak,naturalnosc
18,18,3,S,symf,brak,naturalnosc
19,19,2,S,symf,brak,naturalnosc
20,20,4,S,symf,brak,naturalnosc
21,21,3,S,symf,brak,naturalnosc
22,22,5,S,symf,brak,naturalnosc
23,23,3,S,symf,brak,naturalnosc
24,24,3,S,symf,brak,naturalnosc
25,25,5,S,symf,brak,naturalnosc
26,26,4,S,symf,brak,naturalnosc
27,27,4,S,symf,brak,naturalnosc
28,28,3,S,symf,brak,naturalnosc
29,29,4,S,symf,brak,naturalnosc
30,30,5,S,symf,brak,naturalnosc
31,31,4,S,symf,brak,naturalnosc
32,32,4,S,symf,brak,naturalnosc
33,33,4,S,symf,brak,naturalnosc
34,34,4,S,symf,brak,naturalnosc
35,35,3,S,symf,brak,naturalnosc
36,36,3,S,symf,brak,naturalnosc
37,37,4,S,symf,brak,naturalnosc
38,38,4,S,symf,brak,naturalnosc
39,1,4,N,symf,brak,naturalnosc
40,2,5,N,symf,brak,naturalnosc
41,3,5,N,symf,brak,naturalnosc
42,4,4,N,symf,brak,naturalnosc
43,5,4,N,symf,brak,naturalnosc
44,6,4,N,symf,brak,naturalnosc
45,7,4,N,symf,brak,naturalnosc
46,8,2,N,symf,brak,naturalnosc
47,9,3,N,symf,brak,naturalnosc
48,10,2,N,symf,brak,naturalnosc
49,11,3,N,symf,brak,naturalnosc
50,12,4,N,symf,brak,naturalnosc
51,13,4,N,symf,brak,naturalnosc
52,14,5,N,symf,brak,naturalnosc
53,15,4,N,symf,brak,naturalnosc
54,16,2,N,symf,brak,naturalnosc
55,17,4,N,symf,brak,naturalnosc
56,18,3,N,symf,brak,naturalnosc
57,19,5,N,symf,brak,naturalnosc
58,20,5,N,symf,brak,naturalnosc
59,21,-1,N,symf,brak,naturalnosc
60,22,5,N,symf,brak,naturalnosc
61,23,4,N,symf,brak,naturalnosc
62,24,4,N,symf,brak,naturalnosc
63,25,4,N,symf,brak,naturalnosc
64,26,4,N,symf,brak,naturalnosc
65,27,4,N,symf,brak,naturalnosc
66,28,2,N,symf,brak,naturalnosc
67,29,3,N,symf,brak,naturalnosc
68,30,2,N,symf,brak,naturalnosc
69,31,4,N,symf,brak,naturalnosc
70,32,5,N,symf,brak,naturalnosc
71,33,3,N,symf,brak,naturalnosc
72,34,4,N,symf,brak,naturalnosc
73,35,4,N,symf,brak,naturalnosc
74,36,5,N,symf,brak,naturalnosc
75,37,5,N,symf,brak,naturalnosc
76,38,5,N,symf,brak,naturalnosc
77,1,2,S,pop,brak,naturalnosc
78,2,2,S,pop,brak,naturalnosc
79,3,4,S,pop,brak,naturalnosc
80,4,3,S,pop,brak,naturalnosc
81,5,3,S,pop,brak,naturalnosc
82,6,4,S,pop,brak,naturalnosc
83,7,3,S,pop,brak,naturalnosc
84,8,2,S,pop,brak,naturalnosc
85,9,3,S,pop,brak,naturalnosc
86,10,3,S,pop,brak,naturalnosc
87,11,5,S,pop,brak,naturalnosc
88,12,4,S,pop,brak,naturalnosc
89,13,5,S,pop,brak,naturalnosc
90,14,4,S,pop,brak,naturalnosc
91,15,4,S,pop,brak,naturalnosc
92,16,3,S,pop,brak,naturalnosc
93,17,3,S,pop,brak,naturalnosc
94,18,5,S,pop,brak,naturalnosc
95,19,4,S,pop,brak,naturalnosc
96,20,2,S,pop,brak,naturalnosc
97,21,2,S,pop,brak,naturalnosc
98,22,4,S,pop,brak,naturalnosc
99,23,3,S,pop,brak,naturalnosc
100,24,3,S,pop,brak,naturalnosc
101,25,4,S,pop,brak,naturalnosc
102,26,3,S,pop,brak,naturalnosc
103,27,2,S,pop,brak,naturalnosc
104,28,3,S,pop,brak,naturalnosc
105,29,3,S,pop,brak,naturalnosc
106,30,3,S,pop,brak,naturalnosc
107,31,5,S,pop,brak,naturalnosc
108,32,3,S,pop,brak,naturalnosc
109,33,3,S,pop,brak,naturalnosc
110,34,4,S,pop,brak,naturalnosc
111,35,3,S,pop,brak,naturalnosc
112,36,4,S,pop,brak,naturalnosc
113,37,5,S,pop,brak,naturalnosc
114,38,5,S,pop,brak,naturalnosc
115,1,4,N,pop,brak,naturalnosc
116,2,5,N,pop,brak,naturalnosc
117,3,5,N,pop,brak,naturalnosc
118,4,5,N,pop,brak,naturalnosc
119,5,4,N,pop,brak,naturalnosc
120,6,4,N,pop,brak,naturalnosc
121,7,4,N,pop,brak,naturalnosc
122,8,3,N,pop,brak,naturalnosc
123,9,4,N,pop,brak,naturalnosc
124,10,5,N,pop,brak,naturalnosc
125,11,5,N,pop,brak,naturalnosc
126,12,5,N,pop,brak,naturalnosc
127,13,5,N,pop,brak,naturalnosc
128,14,5,N,pop,brak,naturalnosc
129,15,4,N,pop,brak,naturalnosc
130,16,3,N,pop,brak,naturalnosc
131,17,5,N,pop,brak,naturalnosc
132,18,5,N,pop,brak,naturalnosc
133,19,5,N,pop,brak,naturalnosc
134,20,3,N,pop,brak,naturalnosc
135,21,5,N,pop,brak,naturalnosc
136,22,4,N,pop,brak,naturalnosc
137,23,4,N,pop,brak,naturalnosc
138,24,5,N,pop,brak,naturalnosc
139,25,5,N,pop,brak,naturalnosc
140,26,5,N,pop,brak,naturalnosc
141,27,3,N,pop,brak,naturalnosc
142,28,4,N,pop,brak,naturalnosc
143,29,4,N,pop,brak,naturalnosc
144,30,5,N,pop,brak,naturalnosc
145,31,5,N,pop,brak,naturalnosc
146,32,5,N,pop,brak,naturalnosc
147,33,4,N,pop,brak,naturalnosc
148,34,4,N,pop,brak,naturalnosc
149,35,4,N,pop,brak,naturalnosc
150,36,5,N,pop,brak,naturalnosc
151,37,4,N,pop,brak,naturalnosc
152,38,5,N,pop,brak,naturalnosc
153,1,4,S,jazz,brak,naturalnosc
154,2,3,S,jazz,brak,naturalnosc
155,3,3,S,jazz,brak,naturalnosc
156,4,2,S,jazz,brak,naturalnosc
157,5,3,S,jazz,brak,naturalnosc
158,6,3,S,jazz,brak,naturalnosc
159,7,5,S,jazz,brak,naturalnosc
160,8,2,S,jazz,brak,naturalnosc
161,9,2,S,jazz,brak,naturalnosc
162,10,4,S,jazz,brak,naturalnosc
163,11,2,S,jazz,brak,naturalnosc
164,12,4,S,jazz,brak,naturalnosc
165,13,5,S,jazz,brak,naturalnosc
166,14,4,S,jazz,brak,naturalnosc
167,15,4,S,jazz,brak,naturalnosc
168,16,3,S,jazz,brak,naturalnosc
169,17,2,S,jazz,brak,naturalnosc
170,18,4,S,jazz,brak,naturalnosc
171,19,2,S,jazz,brak,naturalnosc
172,20,2,S,jazz,brak,naturalnosc
173,21,2,S,jazz,brak,naturalnosc
174,22,4,S,jazz,brak,naturalnosc
175,23,3,S,jazz,brak,naturalnosc
176,24,3,S,jazz,brak,naturalnosc
177,25,4,S,jazz,brak,naturalnosc
178,26,5,S,jazz,brak,naturalnosc
179,27,4,S,jazz,brak,naturalnosc
180,28,2,S,jazz,brak,naturalnosc
181,29,1,S,jazz,brak,naturalnosc
182,30,3,S,jazz,brak,naturalnosc
183,31,3,S,jazz,brak,naturalnosc
184,32,2,S,jazz,brak,naturalnosc
185,33,3,S,jazz,brak,naturalnosc
186,34,3,S,jazz,brak,naturalnosc
187,35,3,S,jazz,brak,naturalnosc
188,36,4,S,jazz,brak,naturalnosc
189,37,4,S,jazz,brak,naturalnosc
190,38,3,S,jazz,brak,naturalnosc
191,1,5,N,jazz,brak,naturalnosc
192,2,4,N,jazz,brak,naturalnosc
193,3,3,N,jazz,brak,naturalnosc
194,4,5,N,jazz,brak,naturalnosc
195,5,3,N,jazz,brak,naturalnosc
196,6,3,N,jazz,brak,naturalnosc
197,7,5,N,jazz,brak,naturalnosc
198,8,3,N,jazz,brak,naturalnosc
199,9,3,N,jazz,brak,naturalnosc
200,10,3,N,jazz,brak,naturalnosc
201,11,3,N,jazz,brak,naturalnosc
202,12,5,N,jazz,brak,naturalnosc
203,13,4,N,jazz,brak,naturalnosc
204,14,4,N,jazz,brak,naturalnosc
205,15,4,N,jazz,brak,naturalnosc
206,16,4,N,jazz,brak,naturalnosc
207,17,3,N,jazz,brak,naturalnosc
208,18,4,N,jazz,brak,naturalnosc
209,19,4,N,jazz,brak,naturalnosc
210,20,3,N,jazz,brak,naturalnosc
211,21,4,N,jazz,brak,naturalnosc
212,22,4,N,jazz,brak,naturalnosc
213,23,4,N,jazz,brak,naturalnosc
214,24,3,N,jazz,brak,naturalnosc
215,25,4,N,jazz,brak,naturalnosc
216,26,5,N,jazz,brak,naturalnosc
217,27,4,N,jazz,brak,naturalnosc
218,28,3,N,jazz,brak,naturalnosc
219,29,2,N,jazz,brak,naturalnosc
220,30,3,N,jazz,brak,naturalnosc
221,31,3,N,jazz,brak,naturalnosc
222,32,4,N,jazz,brak,naturalnosc
223,33,3,N,jazz,brak,naturalnosc
224,34,3,N,jazz,brak,naturalnosc
225,35,3,N,jazz,brak,naturalnosc
226,36,5,N,jazz,brak,naturalnosc
227,37,3,N,jazz,brak,naturalnosc
228,38,4,N,jazz,brak,naturalnosc
229,1,2,S,symf,muzyk,naturalnosc
230,2,4,S,symf,muzyk,naturalnosc
231,3,3,S,symf,muzyk,naturalnosc
232,4,1,S,symf,muzyk,naturalnosc
233,5,2,S,symf,muzyk,naturalnosc
234,6,2,S,symf,muzyk,naturalnosc
235,7,4,S,symf,muzyk,naturalnosc
236,8,4,S,symf,muzyk,naturalnosc
237,9,3,S,symf,muzyk,naturalnosc
238,10,3,S,symf,muzyk,naturalnosc
239,11,3,S,symf,muzyk,naturalnosc
240,12,3,S,symf,muzyk,naturalnosc
241,13,4,S,symf,muzyk,naturalnosc
242,14,4,S,symf,muzyk,naturalnosc
243,15,3,S,symf,muzyk,naturalnosc
244,16,3,S,symf,muzyk,naturalnosc
245,17,2,S,symf,muzyk,naturalnosc
246,18,3,S,symf,muzyk,naturalnosc
247,19,3,S,symf,muzyk,naturalnosc
248,20,2,S,symf,muzyk,naturalnosc
249,21,3,S,symf,muzyk,naturalnosc
250,22,2,S,symf,muzyk,naturalnosc
251,23,3,S,symf,muzyk,naturalnosc
252,24,3,S,symf,muzyk,naturalnosc
253,25,3,S,symf,muzyk,naturalnosc
254,26,4,S,symf,muzyk,naturalnosc
255,27,3,S,symf,muzyk,naturalnosc
256,28,4,S,symf,muzyk,naturalnosc
257,29,2,S,symf,muzyk,naturalnosc
258,30,2,S,symf,muzyk,naturalnosc
259,31,2,S,symf,muzyk,naturalnosc
260,32,2,S,symf,muzyk,naturalnosc
261,33,2,S,symf,muzyk,naturalnosc
262,34,2,S,symf,muzyk,naturalnosc
263,35,5,S,symf,muzyk,naturalnosc
264,36,4,S,symf,muzyk,naturalnosc
265,37,2,S,symf,muzyk,naturalnosc
266,38,3,S,symf,muzyk,naturalnosc
267,1,4,N,symf,muzyk,naturalnosc
268,2,3,N,symf,muzyk,naturalnosc
269,3,4,N,symf,muzyk,naturalnosc
270,4,4,N,symf,muzyk,naturalnosc
271,5,3,N,symf,muzyk,naturalnosc
272,6,3,N,symf,muzyk,naturalnosc
273,7,4,N,symf,muzyk,naturalnosc
274,8,5,N,symf,muzyk,naturalnosc
275,9,4,N,symf,muzyk,naturalnosc
276,10,4,N,symf,muzyk,naturalnosc
277,11,3,N,symf,muzyk,naturalnosc
278,12,4,N,symf,muzyk,naturalnosc
279,13,4,N,symf,muzyk,naturalnosc
280,14,4,N,symf,muzyk,naturalnosc
281,15,4,N,symf,muzyk,naturalnosc
282,16,4,N,symf,muzyk,naturalnosc
283,17,4,N,symf,muzyk,naturalnosc
284,18,3,N,symf,muzyk,naturalnosc
285,19,2,N,symf,muzyk,naturalnosc
286,20,3,N,symf,muzyk,naturalnosc
287,21,4,N,symf,muzyk,naturalnosc
288,22,2,N,symf,muzyk,naturalnosc
289,23,4,N,symf,muzyk,naturalnosc
290,24,4,N,symf,muzyk,naturalnosc
291,25,4,N,symf,muzyk,naturalnosc
292,26,5,N,symf,muzyk,naturalnosc
293,27,4,N,symf,muzyk,naturalnosc
294,28,3,N,symf,muzyk,naturalnosc
295,29,4,N,symf,muzyk,naturalnosc
296,30,4,N,symf,muzyk,naturalnosc
297,31,4,N,symf,muzyk,naturalnosc
298,32,4,N,symf,muzyk,naturalnosc
299,33,3,N,symf,muzyk,naturalnosc
300,34,3,N,symf,muzyk,naturalnosc
301,35,4,N,symf,muzyk,naturalnosc
302,36,5,N,symf,muzyk,naturalnosc
303,37,3,N,symf,muzyk,naturalnosc
304,38,4,N,symf,muzyk,naturalnosc
305,1,4,S,pop,muzyk,naturalnosc
306,2,3,S,pop,muzyk,naturalnosc
307,3,3,S,pop,muzyk,naturalnosc
308,4,2,S,pop,muzyk,naturalnosc
309,5,2,S,pop,muzyk,naturalnosc
310,6,3,S,pop,muzyk,naturalnosc
311,7,3,S,pop,muzyk,naturalnosc
312,8,2,S,pop,muzyk,naturalnosc
313,9,3,S,pop,muzyk,naturalnosc
314,10,2,S,pop,muzyk,naturalnosc
315,11,5,S,pop,muzyk,naturalnosc
316,12,2,S,pop,muzyk,naturalnosc
317,13,4,S,pop,muzyk,naturalnosc
318,14,5,S,pop,muzyk,naturalnosc
319,15,5,S,pop,muzyk,naturalnosc
320,16,2,S,pop,muzyk,naturalnosc
321,17,3,S,pop,muzyk,naturalnosc
322,18,4,S,pop,muzyk,naturalnosc
323,19,4,S,pop,muzyk,naturalnosc
324,20,2,S,pop,muzyk,naturalnosc
325,21,2,S,pop,muzyk,naturalnosc
326,22,3,S,pop,muzyk,naturalnosc
327,23,2,S,pop,muzyk,naturalnosc
328,24,3,S,pop,muzyk,naturalnosc
329,25,3,S,pop,muzyk,naturalnosc
330,26,3,S,pop,muzyk,naturalnosc
331,27,2,S,pop,muzyk,naturalnosc
332,28,3,S,pop,muzyk,naturalnosc
333,29,2,S,pop,muzyk,naturalnosc
334,30,2,S,pop,muzyk,naturalnosc
335,31,2,S,pop,muzyk,naturalnosc
336,32,3,S,pop,muzyk,naturalnosc
337,33,3,S,pop,muzyk,naturalnosc
338,34,3,S,pop,muzyk,naturalnosc
339,35,4,S,pop,muzyk,naturalnosc
340,36,3,S,pop,muzyk,naturalnosc
341,37,3,S,pop,muzyk,naturalnosc
342,38,2,S,pop,muzyk,naturalnosc
343,1,5,N,pop,muzyk,naturalnosc
344,2,5,N,pop,muzyk,naturalnosc
345,3,3,N,pop,muzyk,naturalnosc
346,4,4,N,pop,muzyk,naturalnosc
347,5,3,N,pop,muzyk,naturalnosc
348,6,4,N,pop,muzyk,naturalnosc
349,7,3,N,pop,muzyk,naturalnosc
350,8,3,N,pop,muzyk,naturalnosc
351,9,5,N,pop,muzyk,naturalnosc
352,10,4,N,pop,muzyk,naturalnosc
353,11,4,N,pop,muzyk,naturalnosc
354,12,4,N,pop,muzyk,naturalnosc
355,13,4,N,pop,muzyk,naturalnosc
356,14,5,N,pop,muzyk,naturalnosc
357,15,5,N,pop,muzyk,naturalnosc
358,16,3,N,pop,muzyk,naturalnosc
359,17,5,N,pop,muzyk,naturalnosc
360,18,4,N,pop,muzyk,naturalnosc
361,19,3,N,pop,muzyk,naturalnosc
362,20,4,N,pop,muzyk,naturalnosc
363,21,4,N,pop,muzyk,naturalnosc
364,22,4,N,pop,muzyk,naturalnosc
365,23,4,N,pop,muzyk,naturalnosc
366,24,4,N,pop,muzyk,naturalnosc
367,25,5,N,pop,muzyk,naturalnosc
368,26,5,N,pop,muzyk,naturalnosc
369,27,4,N,pop,muzyk,naturalnosc
370,28,2,N,pop,muzyk,naturalnosc
371,29,3,N,pop,muzyk,naturalnosc
372,30,5,N,pop,muzyk,naturalnosc
373,31,5,N,pop,muzyk,naturalnosc
374,32,5,N,pop,muzyk,naturalnosc
375,33,3,N,pop,muzyk,naturalnosc
376,34,2,N,pop,muzyk,naturalnosc
377,35,5,N,pop,muzyk,naturalnosc
378,36,5,N,pop,muzyk,naturalnosc
379,37,3,N,pop,muzyk,naturalnosc
380,38,3,N,pop,muzyk,naturalnosc
381,1,4,S,jazz,muzyk,naturalnosc
382,2,3,S,jazz,muzyk,naturalnosc
383,3,4,S,jazz,muzyk,naturalnosc
384,4,2,S,jazz,muzyk,naturalnosc
385,5,4,S,jazz,muzyk,naturalnosc
386,6,2,S,jazz,muzyk,naturalnosc
387,7,4,S,jazz,muzyk,naturalnosc
388,8,4,S,jazz,muzyk,naturalnosc
389,9,2,S,jazz,muzyk,naturalnosc
390,10,4,S,jazz,muzyk,naturalnosc
391,11,3,S,jazz,muzyk,naturalnosc
392,12,3,S,jazz,muzyk,naturalnosc
393,13,4,S,jazz,muzyk,naturalnosc
394,14,5,S,jazz,muzyk,naturalnosc
395,15,4,S,jazz,muzyk,naturalnosc
396,16,4,S,jazz,muzyk,naturalnosc
397,17,3,S,jazz,muzyk,naturalnosc
398,18,4,S,jazz,muzyk,naturalnosc
399,19,3,S,jazz,muzyk,naturalnosc
400,20,2,S,jazz,muzyk,naturalnosc
401,21,4,S,jazz,muzyk,naturalnosc
402,22,4,S,jazz,muzyk,naturalnosc
403,23,4,S,jazz,muzyk,naturalnosc
404,24,3,S,jazz,muzyk,naturalnosc
405,25,3,S,jazz,muzyk,naturalnosc
406,26,4,S,jazz,muzyk,naturalnosc
407,27,4,S,jazz,muzyk,naturalnosc
408,28,3,S,jazz,muzyk,naturalnosc
409,29,2,S,jazz,muzyk,naturalnosc
410,30,4,S,jazz,muzyk,naturalnosc
411,31,4,S,jazz,muzyk,naturalnosc
412,32,2,S,jazz,muzyk,naturalnosc
413,33,3,S,jazz,muzyk,naturalnosc
414,34,2,S,jazz,muzyk,naturalnosc
415,35,5,S,jazz,muzyk,naturalnosc
416,36,4,S,jazz,muzyk,naturalnosc
417,37,2,S,jazz,muzyk,naturalnosc
418,38,3,S,jazz,muzyk,naturalnosc
419,1,4,N,jazz,muzyk,naturalnosc
420,2,4,N,jazz,muzyk,naturalnosc
421,3,4,N,jazz,muzyk,naturalnosc
422,4,4,N,jazz,muzyk,naturalnosc
423,5,4,N,jazz,muzyk,naturalnosc
424,6,3,N,jazz,muzyk,naturalnosc
425,7,3,N,jazz,muzyk,naturalnosc
426,8,3,N,jazz,muzyk,naturalnosc
427,9,4,N,jazz,muzyk,naturalnosc
428,10,4,N,jazz,muzyk,naturalnosc
429,11,3,N,jazz,muzyk,naturalnosc
430,12,4,N,jazz,muzyk,naturalnosc
431,13,4,N,jazz,muzyk,naturalnosc
432,14,5,N,jazz,muzyk,naturalnosc
433,15,4,N,jazz,muzyk,naturalnosc
434,16,3,N,jazz,muzyk,naturalnosc
435,17,4,N,jazz,muzyk,naturalnosc
436,18,4,N,jazz,muzyk,naturalnosc
437,19,2,N,jazz,muzyk,naturalnosc
438,20,3,N,jazz,muzyk,naturalnosc
439,21,4,N,jazz,muzyk,naturalnosc
440,22,4,N,jazz,muzyk,naturalnosc
441,23,2,N,jazz,muzyk,naturalnosc
442,24,3,N,jazz,muzyk,naturalnosc
443,25,4,N,jazz,muzyk,naturalnosc
444,26,5,N,jazz,muzyk,naturalnosc
445,27,4,N,jazz,muzyk,naturalnosc
446,28,2,N,jazz,muzyk,naturalnosc
447,29,3,N,jazz,muzyk,naturalnosc
448,30,1,N,jazz,muzyk,naturalnosc
449,31,4,N,jazz,muzyk,naturalnosc
450,32,3,N,jazz,muzyk,naturalnosc
451,33,3,N,jazz,muzyk,naturalnosc
452,34,3,N,jazz,muzyk,naturalnosc
453,35,5,N,jazz,muzyk,naturalnosc
454,36,5,N,jazz,muzyk,naturalnosc
455,37,4,N,jazz,muzyk,naturalnosc
456,38,3,N,jazz,muzyk,naturalnosc
457,1,4,S,symf,brak,przestrzennosc
458,2,3,S,symf,brak,przestrzennosc
459,3,3,S,symf,brak,przestrzennosc
460,4,3,S,symf,brak,przestrzennosc
461,5,3,S,symf,brak,przestrzennosc
462,6,2,S,symf,brak,przestrzennosc
463,7,3,S,symf,brak,przestrzennosc
464,8,3,S,symf,brak,przestrzennosc
465,9,3,S,symf,brak,przestrzennosc
466,10,3,S,symf,brak,przestrzennosc
467,11,5,S,symf,brak,przestrzennosc
468,12,2,S,symf,brak,przestrzennosc
469,13,5,S,symf,brak,przestrzennosc
470,14,5,S,symf,brak,przestrzennosc
471,15,3,S,symf,brak,przestrzennosc
472,16,4,S,symf,brak,przestrzennosc
473,17,3,S,symf,brak,przestrzennosc
474,18,3,S,symf,brak,przestrzennosc
475,19,4,S,symf,brak,przestrzennosc
476,20,3,S,symf,brak,przestrzennosc
477,21,1,S,symf,brak,przestrzennosc
478,22,4,S,symf,brak,przestrzennosc
479,23,4,S,symf,brak,przestrzennosc
480,24,4,S,symf,brak,przestrzennosc
481,25,4,S,symf,brak,przestrzennosc
482,26,3,S,symf,brak,przestrzennosc
483,27,3,S,symf,brak,przestrzennosc
484,28,4,S,symf,brak,przestrzennosc
485,29,4,S,symf,brak,przestrzennosc
486,30,4,S,symf,brak,przestrzennosc
487,31,3,S,symf,brak,przestrzennosc
488,32,4,S,symf,brak,przestrzennosc
489,33,2,S,symf,brak,przestrzennosc
490,34,4,S,symf,brak,przestrzennosc
491,35,4,S,symf,brak,przestrzennosc
492,36,3,S,symf,brak,przestrzennosc
493,37,3,S,symf,brak,przestrzennosc
494,38,5,S,symf,brak,przestrzennosc
495,1,5,N,symf,brak,przestrzennosc
496,2,5,N,symf,brak,przestrzennosc
497,3,4,N,symf,brak,przestrzennosc
498,4,5,N,symf,brak,przestrzennosc
499,5,4,N,symf,brak,przestrzennosc
500,6,2,N,symf,brak,przestrzennosc
501,7,4,N,symf,brak,przestrzennosc
502,8,4,N,symf,brak,przestrzennosc
503,9,4,N,symf,brak,przestrzennosc
504,10,4,N,symf,brak,przestrzennosc
505,11,5,N,symf,brak,przestrzennosc
506,12,4,N,symf,brak,przestrzennosc
507,13,5,N,symf,brak,przestrzennosc
508,14,4,N,symf,brak,przestrzennosc
509,15,4,N,symf,brak,przestrzennosc
510,16,3,N,symf,brak,przestrzennosc
511,17,5,N,symf,brak,przestrzennosc
512,18,4,N,symf,brak,przestrzennosc
513,19,5,N,symf,brak,przestrzennosc
514,20,4,N,symf,brak,przestrzennosc
515,21,4,N,symf,brak,przestrzennosc
516,22,5,N,symf,brak,przestrzennosc
517,23,5,N,symf,brak,przestrzennosc
518,24,3,N,symf,brak,przestrzennosc
519,25,4,N,symf,brak,przestrzennosc
520,26,3,N,symf,brak,przestrzennosc
521,27,5,N,symf,brak,przestrzennosc
522,28,3,N,symf,brak,przestrzennosc
523,29,3,N,symf,brak,przestrzennosc
524,30,4,N,symf,brak,przestrzennosc
525,31,3,N,symf,brak,przestrzennosc
526,32,5,N,symf,brak,przestrzennosc
527,33,3,N,symf,brak,przestrzennosc
528,34,5,N,symf,brak,przestrzennosc
529,35,5,N,symf,brak,przestrzennosc
530,36,5,N,symf,brak,przestrzennosc
531,37,4,N,symf,brak,przestrzennosc
532,38,4,N,symf,brak,przestrzennosc
533,1,2,S,pop,brak,przestrzennosc
534,2,3,S,pop,brak,przestrzennosc
535,3,3,S,pop,brak,przestrzennosc
536,4,2,S,pop,brak,przestrzennosc
537,5,2,S,pop,brak,przestrzennosc
538,6,4,S,pop,brak,przestrzennosc
539,7,3,S,pop,brak,przestrzennosc
540,8,3,S,pop,brak,przestrzennosc
541,9,4,S,pop,brak,przestrzennosc
542,10,3,S,pop,brak,przestrzennosc
543,11,3,S,pop,brak,przestrzennosc
544,12,3,S,pop,brak,przestrzennosc
545,13,4,S,pop,brak,przestrzennosc
546,14,4,S,pop,brak,przestrzennosc
547,15,4,S,pop,brak,przestrzennosc
548,16,4,S,pop,brak,przestrzennosc
549,17,3,S,pop,brak,przestrzennosc
550,18,4,S,pop,brak,przestrzennosc
551,19,5,S,pop,brak,przestrzennosc
552,20,3,S,pop,brak,przestrzennosc
553,21,1,S,pop,brak,przestrzennosc
554,22,3,S,pop,brak,przestrzennosc
555,23,3,S,pop,brak,przestrzennosc
556,24,-1,S,pop,brak,przestrzennosc
557,25,3,S,pop,brak,przestrzennosc
558,26,3,S,pop,brak,przestrzennosc
559,27,5,S,pop,brak,przestrzennosc
560,28,5,S,pop,brak,przestrzennosc
561,29,3,S,pop,brak,przestrzennosc
562,30,3,S,pop,brak,przestrzennosc
563,31,5,S,pop,brak,przestrzennosc
564,32,5,S,pop,brak,przestrzennosc
565,33,3,S,pop,brak,przestrzennosc
566,34,2,S,pop,brak,przestrzennosc
567,35,4,S,pop,brak,przestrzennosc
568,36,4,S,pop,brak,przestrzennosc
569,37,5,S,pop,brak,przestrzennosc
570,38,4,S,pop,brak,przestrzennosc
571,1,5,N,pop,brak,przestrzennosc
572,2,5,N,pop,brak,przestrzennosc
573,3,5,N,pop,brak,przestrzennosc
574,4,5,N,pop,brak,przestrzennosc
575,5,3,N,pop,brak,przestrzennosc
576,6,4,N,pop,brak,przestrzennosc
577,7,4,N,pop,brak,przestrzennosc
578,8,4,N,pop,brak,przestrzennosc
579,9,4,N,pop,brak,przestrzennosc
580,10,5,N,pop,brak,przestrzennosc
581,11,3,N,pop,brak,przestrzennosc
582,12,5,N,pop,brak,przestrzennosc
583,13,4,N,pop,brak,przestrzennosc
584,14,5,N,pop,brak,przestrzennosc
585,15,4,N,pop,brak,przestrzennosc
586,16,4,N,pop,brak,przestrzennosc
587,17,5,N,pop,brak,przestrzennosc
588,18,5,N,pop,brak,przestrzennosc
589,19,5,N,pop,brak,przestrzennosc
590,20,4,N,pop,brak,przestrzennosc
591,21,3,N,pop,brak,przestrzennosc
592,22,5,N,pop,brak,przestrzennosc
593,23,4,N,pop,brak,przestrzennosc
594,24,-1,N,pop,brak,przestrzennosc
595,25,4,N,pop,brak,przestrzennosc
596,26,4,N,pop,brak,przestrzennosc
597,27,3,N,pop,brak,przestrzennosc
598,28,4,N,pop,brak,przestrzennosc
599,29,4,N,pop,brak,przestrzennosc
600,30,5,N,pop,brak,przestrzennosc
601,31,4,N,pop,brak,przestrzennosc
602,32,5,N,pop,brak,przestrzennosc
603,33,3,N,pop,brak,przestrzennosc
604,34,3,N,pop,brak,przestrzennosc
605,35,5,N,pop,brak,przestrzennosc
606,36,5,N,pop,brak,przestrzennosc
607,37,5,N,pop,brak,przestrzennosc
608,38,4,N,pop,brak,przestrzennosc
609,1,5,S,jazz,brak,przestrzennosc
610,2,2,S,jazz,brak,przestrzennosc
611,3,2,S,jazz,brak,przestrzennosc
612,4,1,S,jazz,brak,przestrzennosc
613,5,3,S,jazz,brak,przestrzennosc
614,6,3,S,jazz,brak,przestrzennosc
615,7,5,S,jazz,brak,przestrzennosc
616,8,3,S,jazz,brak,przestrzennosc
617,9,3,S,jazz,brak,przestrzennosc
618,10,4,S,jazz,brak,przestrzennosc
619,11,2,S,jazz,brak,przestrzennosc
620,12,4,S,jazz,brak,przestrzennosc
621,13,4,S,jazz,brak,przestrzennosc
622,14,5,S,jazz,brak,przestrzennosc
623,15,4,S,jazz,brak,przestrzennosc
624,16,2,S,jazz,brak,przestrzennosc
625,17,3,S,jazz,brak,przestrzennosc
626,18,5,S,jazz,brak,przestrzennosc
627,19,5,S,jazz,brak,przestrzennosc
628,20,2,S,jazz,brak,przestrzennosc
629,21,3,S,jazz,brak,przestrzennosc
630,22,4,S,jazz,brak,przestrzennosc
631,23,3,S,jazz,brak,przestrzennosc
632,24,3,S,jazz,brak,przestrzennosc
633,25,3,S,jazz,brak,przestrzennosc
634,26,4,S,jazz,brak,przestrzennosc
635,27,3,S,jazz,brak,przestrzennosc
636,28,3,S,jazz,brak,przestrzennosc
637,29,5,S,jazz,brak,przestrzennosc
638,30,4,S,jazz,brak,przestrzennosc
639,31,2,S,jazz,brak,przestrzennosc
640,32,3,S,jazz,brak,przestrzennosc
641,33,3,S,jazz,brak,przestrzennosc
642,34,4,S,jazz,brak,przestrzennosc
643,35,2,S,jazz,brak,przestrzennosc
644,36,4,S,jazz,brak,przestrzennosc
645,37,5,S,jazz,brak,przestrzennosc
646,38,4,S,jazz,brak,przestrzennosc
647,1,5,N,jazz,brak,przestrzennosc
648,2,4,N,jazz,brak,przestrzennosc
649,3,4,N,jazz,brak,przestrzennosc
650,4,4,N,jazz,brak,przestrzennosc
651,5,4,N,jazz,brak,przestrzennosc
652,6,4,N,jazz,brak,przestrzennosc
653,7,5,N,jazz,brak,przestrzennosc
654,8,4,N,jazz,brak,przestrzennosc
655,9,3,N,jazz,brak,przestrzennosc
656,10,4,N,jazz,brak,przestrzennosc
657,11,4,N,jazz,brak,przestrzennosc
658,12,4,N,jazz,brak,przestrzennosc
659,13,4,N,jazz,brak,przestrzennosc
660,14,5,N,jazz,brak,przestrzennosc
661,15,4,N,jazz,brak,przestrzennosc
662,16,4,N,jazz,brak,przestrzennosc
663,17,4,N,jazz,brak,przestrzennosc
664,18,5,N,jazz,brak,przestrzennosc
665,19,5,N,jazz,brak,przestrzennosc
666,20,3,N,jazz,brak,przestrzennosc
667,21,4,N,jazz,brak,przestrzennosc
668,22,4,N,jazz,brak,przestrzennosc
669,23,4,N,jazz,brak,przestrzennosc
670,24,4,N,jazz,brak,przestrzennosc
671,25,4,N,jazz,brak,przestrzennosc
672,26,4,N,jazz,brak,przestrzennosc
673,27,4,N,jazz,brak,przestrzennosc
674,28,3,N,jazz,brak,przestrzennosc
675,29,4,N,jazz,brak,przestrzennosc
676,30,5,N,jazz,brak,przestrzennosc
677,31,2,N,jazz,brak,przestrzennosc
678,32,5,N,jazz,brak,przestrzennosc
679,33,4,N,jazz,brak,przestrzennosc
680,34,5,N,jazz,brak,przestrzennosc
681,35,4,N,jazz,brak,przestrzennosc
682,36,5,N,jazz,brak,przestrzennosc
683,37,4,N,jazz,brak,przestrzennosc
684,38,5,N,jazz,brak,przestrzennosc
685,1,4,S,symf,muzyk,przestrzennosc
686,2,4,S,symf,muzyk,przestrzennosc
687,3,2,S,symf,muzyk,przestrzennosc
688,4,2,S,symf,muzyk,przestrzennosc
689,5,2,S,symf,muzyk,przestrzennosc
690,6,2,S,symf,muzyk,przestrzennosc
691,7,4,S,symf,muzyk,przestrzennosc
692,8,3,S,symf,muzyk,przestrzennosc
693,9,3,S,symf,muzyk,przestrzennosc
694,10,3,S,symf,muzyk,przestrzennosc
695,11,4,S,symf,muzyk,przestrzennosc
696,12,2,S,symf,muzyk,przestrzennosc
697,13,4,S,symf,muzyk,przestrzennosc
698,14,4,S,symf,muzyk,przestrzennosc
699,15,2,S,symf,muzyk,przestrzennosc
700,16,2,S,symf,muzyk,przestrzennosc
701,17,2,S,symf,muzyk,przestrzennosc
702,18,4,S,symf,muzyk,przestrzennosc
703,19,3,S,symf,muzyk,przestrzennosc
704,20,2,S,symf,muzyk,przestrzennosc
705,21,3,S,symf,muzyk,przestrzennosc
706,22,3,S,symf,muzyk,przestrzennosc
707,23,3,S,symf,muzyk,przestrzennosc
708,24,1,S,symf,muzyk,przestrzennosc
709,25,2,S,symf,muzyk,przestrzennosc
710,26,4,S,symf,muzyk,przestrzennosc
711,27,-1,S,symf,muzyk,przestrzennosc
712,28,4,S,symf,muzyk,przestrzennosc
713,29,4,S,symf,muzyk,przestrzennosc
714,30,5,S,symf,muzyk,przestrzennosc
715,31,3,S,symf,muzyk,przestrzennosc
716,32,1,S,symf,muzyk,przestrzennosc
717,33,4,S,symf,muzyk,przestrzennosc
718,34,1,S,symf,muzyk,przestrzennosc
719,35,4,S,symf,muzyk,przestrzennosc
720,36,4,S,symf,muzyk,przestrzennosc
721,37,2,S,symf,muzyk,przestrzennosc
722,38,5,S,symf,muzyk,przestrzennosc
723,1,5,N,symf,muzyk,przestrzennosc
724,2,3,N,symf,muzyk,przestrzennosc
725,3,4,N,symf,muzyk,przestrzennosc
726,4,4,N,symf,muzyk,przestrzennosc
727,5,2,N,symf,muzyk,przestrzennosc
728,6,3,N,symf,muzyk,przestrzennosc
729,7,4,N,symf,muzyk,przestrzennosc
730,8,3,N,symf,muzyk,przestrzennosc
731,9,4,N,symf,muzyk,przestrzennosc
732,10,4,N,symf,muzyk,przestrzennosc
733,11,4,N,symf,muzyk,przestrzennosc
734,12,3,N,symf,muzyk,przestrzennosc
735,13,3,N,symf,muzyk,przestrzennosc
736,14,3,N,symf,muzyk,przestrzennosc
737,15,5,N,symf,muzyk,przestrzennosc
738,16,3,N,symf,muzyk,przestrzennosc
739,17,4,N,symf,muzyk,przestrzennosc
740,18,4,N,symf,muzyk,przestrzennosc
741,19,4,N,symf,muzyk,przestrzennosc
742,20,4,N,symf,muzyk,przestrzennosc
743,21,4,N,symf,muzyk,przestrzennosc
744,22,3,N,symf,muzyk,przestrzennosc
745,23,3,N,symf,muzyk,przestrzennosc
746,24,4,N,symf,muzyk,przestrzennosc
747,25,2,N,symf,muzyk,przestrzennosc
748,26,4,N,symf,muzyk,przestrzennosc
749,27,4,N,symf,muzyk,przestrzennosc
750,28,4,N,symf,muzyk,przestrzennosc
751,29,2,N,symf,muzyk,przestrzennosc
752,30,4,N,symf,muzyk,przestrzennosc
753,31,2,N,symf,muzyk,przestrzennosc
754,32,4,N,symf,muzyk,przestrzennosc
755,33,3,N,symf,muzyk,przestrzennosc
756,34,2,N,symf,muzyk,przestrzennosc
757,35,5,N,symf,muzyk,przestrzennosc
758,36,5,N,symf,muzyk,przestrzennosc
759,37,2,N,symf,muzyk,przestrzennosc
760,38,5,N,symf,muzyk,przestrzennosc
761,1,3,S,pop,muzyk,przestrzennosc
762,2,3,S,pop,muzyk,przestrzennosc
763,3,3,S,pop,muzyk,przestrzennosc
764,4,3,S,pop,muzyk,przestrzennosc
765,5,2,S,pop,muzyk,przestrzennosc
766,6,4,S,pop,muzyk,przestrzennosc
767,7,4,S,pop,muzyk,przestrzennosc
768,8,3,S,pop,muzyk,przestrzennosc
769,9,2,S,pop,muzyk,przestrzennosc
770,10,2,S,pop,muzyk,przestrzennosc
771,11,3,S,pop,muzyk,przestrzennosc
772,12,3,S,pop,muzyk,przestrzennosc
773,13,4,S,pop,muzyk,przestrzennosc
774,14,5,S,pop,muzyk,przestrzennosc
775,15,3,S,pop,muzyk,przestrzennosc
776,16,3,S,pop,muzyk,przestrzennosc
777,17,2,S,pop,muzyk,przestrzennosc
778,18,4,S,pop,muzyk,przestrzennosc
779,19,3,S,pop,muzyk,przestrzennosc
780,20,1,S,pop,muzyk,przestrzennosc
781,21,1,S,pop,muzyk,przestrzennosc
782,22,2,S,pop,muzyk,przestrzennosc
783,23,3,S,pop,muzyk,przestrzennosc
784,24,1,S,pop,muzyk,przestrzennosc
785,25,2,S,pop,muzyk,przestrzennosc
786,26,4,S,pop,muzyk,przestrzennosc
787,27,4,S,pop,muzyk,przestrzennosc
788,28,3,S,pop,muzyk,przestrzennosc
789,29,4,S,pop,muzyk,przestrzennosc
790,30,3,S,pop,muzyk,przestrzennosc
791,31,2,S,pop,muzyk,przestrzennosc
792,32,3,S,pop,muzyk,przestrzennosc
793,33,4,S,pop,muzyk,przestrzennosc
794,34,2,S,pop,muzyk,przestrzennosc
795,35,5,S,pop,muzyk,przestrzennosc
796,36,3,S,pop,muzyk,przestrzennosc
797,37,3,S,pop,muzyk,przestrzennosc
798,38,2,S,pop,muzyk,przestrzennosc
799,1,5,N,pop,muzyk,przestrzennosc
800,2,4,N,pop,muzyk,przestrzennosc
801,3,4,N,pop,muzyk,przestrzennosc
802,4,5,N,pop,muzyk,przestrzennosc
803,5,3,N,pop,muzyk,przestrzennosc
804,6,4,N,pop,muzyk,przestrzennosc
805,7,4,N,pop,muzyk,przestrzennosc
806,8,3,N,pop,muzyk,przestrzennosc
807,9,4,N,pop,muzyk,przestrzennosc
808,10,4,N,pop,muzyk,przestrzennosc
809,11,3,N,pop,muzyk,przestrzennosc
810,12,4,N,pop,muzyk,przestrzennosc
811,13,4,N,pop,muzyk,przestrzennosc
812,14,5,N,pop,muzyk,przestrzennosc
813,15,4,N,pop,muzyk,przestrzennosc
814,16,3,N,pop,muzyk,przestrzennosc
815,17,4,N,pop,muzyk,przestrzennosc
816,18,5,N,pop,muzyk,przestrzennosc
817,19,4,N,pop,muzyk,przestrzennosc
818,20,4,N,pop,muzyk,przestrzennosc
819,21,3,N,pop,muzyk,przestrzennosc
820,22,2,N,pop,muzyk,przestrzennosc
821,23,4,N,pop,muzyk,przestrzennosc
822,24,3,N,pop,muzyk,przestrzennosc
823,25,3,N,pop,muzyk,przestrzennosc
824,26,5,N,pop,muzyk,przestrzennosc
825,27,4,N,pop,muzyk,przestrzennosc
826,28,4,N,pop,muzyk,przestrzennosc
827,29,5,N,pop,muzyk,przestrzennosc
828,30,4,N,pop,muzyk,przestrzennosc
829,31,4,N,pop,muzyk,przestrzennosc
830,32,4,N,pop,muzyk,przestrzennosc
831,33,3,N,pop,muzyk,przestrzennosc
832,34,2,N,pop,muzyk,przestrzennosc
833,35,5,N,pop,muzyk,przestrzennosc
834,36,5,N,pop,muzyk,przestrzennosc
835,37,3,N,pop,muzyk,przestrzennosc
836,38,3,N,pop,muzyk,przestrzennosc
837,1,2,S,jazz,muzyk,przestrzennosc
838,2,3,S,jazz,muzyk,przestrzennosc
839,3,1,S,jazz,muzyk,przestrzennosc
840,4,1,S,jazz,muzyk,przestrzennosc
841,5,2,S,jazz,muzyk,przestrzennosc
842,6,2,S,jazz,muzyk,przestrzennosc
843,7,3,S,jazz,muzyk,przestrzennosc
844,8,2,S,jazz,muzyk,przestrzennosc
845,9,2,S,jazz,muzyk,przestrzennosc
846,10,2,S,jazz,muzyk,przestrzennosc
847,11,4,S,jazz,muzyk,przestrzennosc
848,12,1,S,jazz,muzyk,przestrzennosc
849,13,4,S,jazz,muzyk,przestrzennosc
850,14,2,S,jazz,muzyk,przestrzennosc
851,15,3,S,jazz,muzyk,przestrzennosc
852,16,2,S,jazz,muzyk,przestrzennosc
853,17,1,S,jazz,muzyk,przestrzennosc
854,18,4,S,jazz,muzyk,przestrzennosc
855,19,4,S,jazz,muzyk,przestrzennosc
856,20,1,S,jazz,muzyk,przestrzennosc
857,21,2,S,jazz,muzyk,przestrzennosc
858,22,4,S,jazz,muzyk,przestrzennosc
859,23,2,S,jazz,muzyk,przestrzennosc
860,24,1,S,jazz,muzyk,przestrzennosc
861,25,2,S,jazz,muzyk,przestrzennosc
862,26,4,S,jazz,muzyk,przestrzennosc
863,27,-1,S,jazz,muzyk,przestrzennosc
864,28,3,S,jazz,muzyk,przestrzennosc
865,29,1,S,jazz,muzyk,przestrzennosc
866,30,4,S,jazz,muzyk,przestrzennosc
867,31,3,S,jazz,muzyk,przestrzennosc
868,32,1,S,jazz,muzyk,przestrzennosc
869,33,4,S,jazz,muzyk,przestrzennosc
870,34,2,S,jazz,muzyk,przestrzennosc
871,35,5,S,jazz,muzyk,przestrzennosc
872,36,3,S,jazz,muzyk,przestrzennosc
873,37,2,S,jazz,muzyk,przestrzennosc
874,38,2,S,jazz,muzyk,przestrzennosc
875,1,4,N,jazz,muzyk,przestrzennosc
876,2,4,N,jazz,muzyk,przestrzennosc
877,3,2,N,jazz,muzyk,przestrzennosc
878,4,2,N,jazz,muzyk,przestrzennosc
879,5,2,N,jazz,muzyk,przestrzennosc
880,6,2,N,jazz,muzyk,przestrzennosc
881,7,4,N,jazz,muzyk,przestrzennosc
882,8,4,N,jazz,muzyk,przestrzennosc
883,9,3,N,jazz,muzyk,przestrzennosc
884,10,3,N,jazz,muzyk,przestrzennosc
885,11,4,N,jazz,muzyk,przestrzennosc
886,12,2,N,jazz,muzyk,przestrzennosc
887,13,3,N,jazz,muzyk,przestrzennosc
888,14,2,N,jazz,muzyk,przestrzennosc
889,15,3,N,jazz,muzyk,przestrzennosc
890,16,3,N,jazz,muzyk,przestrzennosc
891,17,4,N,jazz,muzyk,przestrzennosc
892,18,4,N,jazz,muzyk,przestrzennosc
893,19,5,N,jazz,muzyk,przestrzennosc
894,20,3,N,jazz,muzyk,przestrzennosc
895,21,3,N,jazz,muzyk,przestrzennosc
896,22,4,N,jazz,muzyk,przestrzennosc
897,23,4,N,jazz,muzyk,przestrzennosc
898,24,2,N,jazz,muzyk,przestrzennosc
899,25,3,N,jazz,muzyk,przestrzennosc
900,26,5,N,jazz,muzyk,przestrzennosc
901,27,5,N,jazz,muzyk,przestrzennosc
902,28,3,N,jazz,muzyk,przestrzennosc
903,29,2,N,jazz,muzyk,przestrzennosc
904,30,4,N,jazz,muzyk,przestrzennosc
905,31,4,N,jazz,muzyk,przestrzennosc
906,32,1,N,jazz,muzyk,przestrzennosc
907,33,4,N,jazz,muzyk,przestrzennosc
908,34,2,N,jazz,muzyk,przestrzennosc
909,35,4,N,jazz,muzyk,przestrzennosc
910,36,5,N,jazz,muzyk,przestrzennosc
911,37,2,N,jazz,muzyk,przestrzennosc
912,38,2,N,jazz,muzyk,przestrzennosc
913,1,5,S,symf,brak,wrazenie
914,2,2,S,symf,brak,wrazenie
915,3,2,S,symf,brak,wrazenie
916,4,2,S,symf,brak,wrazenie
917,5,3,S,symf,brak,wrazenie
918,6,3,S,symf,brak,wrazenie
919,7,3,S,symf,brak,wrazenie
920,8,4,S,symf,brak,wrazenie
921,9,3,S,symf,brak,wrazenie
922,10,3,S,symf,brak,wrazenie
923,11,5,S,symf,brak,wrazenie
924,12,2,S,symf,brak,wrazenie
925,13,4,S,symf,brak,wrazenie
926,14,5,S,symf,brak,wrazenie
927,15,3,S,symf,brak,wrazenie
928,16,4,S,symf,brak,wrazenie
929,17,3,S,symf,brak,wrazenie
930,18,3,S,symf,brak,wrazenie
931,19,4,S,symf,brak,wrazenie
932,20,4,S,symf,brak,wrazenie
933,21,2,S,symf,brak,wrazenie
934,22,4,S,symf,brak,wrazenie
935,23,2,S,symf,brak,wrazenie
936,24,4,S,symf,brak,wrazenie
937,25,5,S,symf,brak,wrazenie
938,26,5,S,symf,brak,wrazenie
939,27,2,S,symf,brak,wrazenie
940,28,3,S,symf,brak,wrazenie
941,29,4,S,symf,brak,wrazenie
942,30,4,S,symf,brak,wrazenie
943,31,3,S,symf,brak,wrazenie
944,32,5,S,symf,brak,wrazenie
945,33,4,S,symf,brak,wrazenie
946,34,5,S,symf,brak,wrazenie
947,35,3,S,symf,brak,wrazenie
948,36,3,S,symf,brak,wrazenie
949,37,4,S,symf,brak,wrazenie
950,38,5,S,symf,brak,wrazenie
951,1,4,N,symf,brak,wrazenie
952,2,5,N,symf,brak,wrazenie
953,3,4,N,symf,brak,wrazenie
954,4,4,N,symf,brak,wrazenie
955,5,5,N,symf,brak,wrazenie
956,6,3,N,symf,brak,wrazenie
957,7,3,N,symf,brak,wrazenie
958,8,3,N,symf,brak,wrazenie
959,9,4,N,symf,brak,wrazenie
960,10,4,N,symf,brak,wrazenie
961,11,5,N,symf,brak,wrazenie
962,12,4,N,symf,brak,wrazenie
963,13,4,N,symf,brak,wrazenie
964,14,4,N,symf,brak,wrazenie
965,15,4,N,symf,brak,wrazenie
966,16,3,N,symf,brak,wrazenie
967,17,5,N,symf,brak,wrazenie
968,18,4,N,symf,brak,wrazenie
969,19,4,N,symf,brak,wrazenie
970,20,3,N,symf,brak,wrazenie
971,21,4,N,symf,brak,wrazenie
972,22,3,N,symf,brak,wrazenie
973,23,4,N,symf,brak,wrazenie
974,24,3,N,symf,brak,wrazenie
975,25,5,N,symf,brak,wrazenie
976,26,4,N,symf,brak,wrazenie
977,27,5,N,symf,brak,wrazenie
978,28,3,N,symf,brak,wrazenie
979,29,3,N,symf,brak,wrazenie
980,30,5,N,symf,brak,wrazenie
981,31,5,N,symf,brak,wrazenie
982,32,3,N,symf,brak,wrazenie
983,33,3,N,symf,brak,wrazenie
984,34,5,N,symf,brak,wrazenie
985,35,5,N,symf,brak,wrazenie
986,36,5,N,symf,brak,wrazenie
987,37,5,N,symf,brak,wrazenie
988,38,5,N,symf,brak,wrazenie
989,1,4,S,pop,brak,wrazenie
990,2,2,S,pop,brak,wrazenie
991,3,3,S,pop,brak,wrazenie
992,4,2,S,pop,brak,wrazenie
993,5,4,S,pop,brak,wrazenie
994,6,3,S,pop,brak,wrazenie
995,7,5,S,pop,brak,wrazenie
996,8,2,S,pop,brak,wrazenie
997,9,3,S,pop,brak,wrazenie
998,10,4,S,pop,brak,wrazenie
999,11,3,S,pop,brak,wrazenie
1000,12,2,S,pop,brak,wrazenie
1001,13,4,S,pop,brak,wrazenie
1002,14,4,S,pop,brak,wrazenie
1003,15,4,S,pop,brak,wrazenie
1004,16,3,S,pop,brak,wrazenie
1005,17,3,S,pop,brak,wrazenie
1006,18,4,S,pop,brak,wrazenie
1007,19,4,S,pop,brak,wrazenie
1008,20,3,S,pop,brak,wrazenie
1009,21,2,S,pop,brak,wrazenie
1010,22,3,S,pop,brak,wrazenie
1011,23,3,S,pop,brak,wrazenie
1012,24,3,S,pop,brak,wrazenie
1013,25,4,S,pop,brak,wrazenie
1014,26,5,S,pop,brak,wrazenie
1015,27,4,S,pop,brak,wrazenie
1016,28,3,S,pop,brak,wrazenie
1017,29,3,S,pop,brak,wrazenie
1018,30,3,S,pop,brak,wrazenie
1019,31,3,S,pop,brak,wrazenie
1020,32,3,S,pop,brak,wrazenie
1021,33,4,S,pop,brak,wrazenie
1022,34,3,S,pop,brak,wrazenie
1023,35,3,S,pop,brak,wrazenie
1024,36,5,S,pop,brak,wrazenie
1025,37,3,S,pop,brak,wrazenie
1026,38,4,S,pop,brak,wrazenie
1027,1,5,N,pop,brak,wrazenie
1028,2,4,N,pop,brak,wrazenie
1029,3,4,N,pop,brak,wrazenie
1030,4,3,N,pop,brak,wrazenie
1031,5,4,N,pop,brak,wrazenie
1032,6,4,N,pop,brak,wrazenie
1033,7,4,N,pop,brak,wrazenie
1034,8,3,N,pop,brak,wrazenie
1035,9,4,N,pop,brak,wrazenie
1036,10,3,N,pop,brak,wrazenie
1037,11,3,N,pop,brak,wrazenie
1038,12,5,N,pop,brak,wrazenie
1039,13,4,N,pop,brak,wrazenie
1040,14,4,N,pop,brak,wrazenie
1041,15,4,N,pop,brak,wrazenie
1042,16,4,N,pop,brak,wrazenie
1043,17,4,N,pop,brak,wrazenie
1044,18,5,N,pop,brak,wrazenie
1045,19,5,N,pop,brak,wrazenie
1046,20,4,N,pop,brak,wrazenie
1047,21,4,N,pop,brak,wrazenie
1048,22,4,N,pop,brak,wrazenie
1049,23,4,N,pop,brak,wrazenie
1050,24,4,N,pop,brak,wrazenie
1051,25,4,N,pop,brak,wrazenie
1052,26,4,N,pop,brak,wrazenie
1053,27,4,N,pop,brak,wrazenie
1054,28,4,N,pop,brak,wrazenie
1055,29,2,N,pop,brak,wrazenie
1056,30,4,N,pop,brak,wrazenie
1057,31,3,N,pop,brak,wrazenie
1058,32,5,N,pop,brak,wrazenie
1059,33,3,N,pop,brak,wrazenie
1060,34,4,N,pop,brak,wrazenie
1061,35,4,N,pop,brak,wrazenie
1062,36,5,N,pop,brak,wrazenie
1063,37,4,N,pop,brak,wrazenie
1064,38,4,N,pop,brak,wrazenie
1065,1,4,S,jazz,brak,wrazenie
1066,2,3,S,jazz,brak,wrazenie
1067,3,3,S,jazz,brak,wrazenie
1068,4,1,S,jazz,brak,wrazenie
1069,5,2,S,jazz,brak,wrazenie
1070,6,2,S,jazz,brak,wrazenie
1071,7,4,S,jazz,brak,wrazenie
1072,8,3,S,jazz,brak,wrazenie
1073,9,5,S,jazz,brak,wrazenie
1074,10,3,S,jazz,brak,wrazenie
1075,11,3,S,jazz,brak,wrazenie
1076,12,1,S,jazz,brak,wrazenie
1077,13,4,S,jazz,brak,wrazenie
1078,14,5,S,jazz,brak,wrazenie
1079,15,3,S,jazz,brak,wrazenie
1080,16,4,S,jazz,brak,wrazenie
1081,17,2,S,jazz,brak,wrazenie
1082,18,4,S,jazz,brak,wrazenie
1083,19,5,S,jazz,brak,wrazenie
1084,20,2,S,jazz,brak,wrazenie
1085,21,4,S,jazz,brak,wrazenie
1086,22,3,S,jazz,brak,wrazenie
1087,23,2,S,jazz,brak,wrazenie
1088,24,2,S,jazz,brak,wrazenie
1089,25,3,S,jazz,brak,wrazenie
1090,26,4,S,jazz,brak,wrazenie
1091,27,4,S,jazz,brak,wrazenie
1092,28,3,S,jazz,brak,wrazenie
1093,29,5,S,jazz,brak,wrazenie
1094,30,5,S,jazz,brak,wrazenie
1095,31,4,S,jazz,brak,wrazenie
1096,32,1,S,jazz,brak,wrazenie
1097,33,-1,S,jazz,brak,wrazenie
1098,34,5,S,jazz,brak,wrazenie
1099,35,4,S,jazz,brak,wrazenie
1100,36,4,S,jazz,brak,wrazenie
1101,37,3,S,jazz,brak,wrazenie
1102,38,4,S,jazz,brak,wrazenie
1103,1,5,N,jazz,brak,wrazenie
1104,2,4,N,jazz,brak,wrazenie
1105,3,3,N,jazz,brak,wrazenie
1106,4,4,N,jazz,brak,wrazenie
1107,5,3,N,jazz,brak,wrazenie
1108,6,4,N,jazz,brak,wrazenie
1109,7,5,N,jazz,brak,wrazenie
1110,8,4,N,jazz,brak,wrazenie
1111,9,3,N,jazz,brak,wrazenie
1112,10,5,N,jazz,brak,wrazenie
1113,11,3,N,jazz,brak,wrazenie
1114,12,4,N,jazz,brak,wrazenie
1115,13,4,N,jazz,brak,wrazenie
1116,14,4,N,jazz,brak,wrazenie
1117,15,5,N,jazz,brak,wrazenie
1118,16,2,N,jazz,brak,wrazenie
1119,17,4,N,jazz,brak,wrazenie
1120,18,5,N,jazz,brak,wrazenie
1121,19,2,N,jazz,brak,wrazenie
1122,20,4,N,jazz,brak,wrazenie
1123,21,4,N,jazz,brak,wrazenie
1124,22,4,N,jazz,brak,wrazenie
1125,23,4,N,jazz,brak,wrazenie
1126,24,4,N,jazz,brak,wrazenie
1127,25,3,N,jazz,brak,wrazenie
1128,26,5,N,jazz,brak,wrazenie
1129,27,5,N,jazz,brak,wrazenie
1130,28,4,N,jazz,brak,wrazenie
1131,29,4,N,jazz,brak,wrazenie
1132,30,4,N,jazz,brak,wrazenie
1133,31,4,N,jazz,brak,wrazenie
1134,32,4,N,jazz,brak,wrazenie
1135,33,4,N,jazz,brak,wrazenie
1136,34,4,N,jazz,brak,wrazenie
1137,35,5,N,jazz,brak,wrazenie
1138,36,5,N,jazz,brak,wrazenie
1139,37,4,N,jazz,brak,wrazenie
1140,38,4,N,jazz,brak,wrazenie
1141,1,3,S,symf,muzyk,wrazenie
1142,2,3,S,symf,muzyk,wrazenie
1143,3,4,S,symf,muzyk,wrazenie
1144,4,3,S,symf,muzyk,wrazenie
1145,5,3,S,symf,muzyk,wrazenie
1146,6,2,S,symf,muzyk,wrazenie
1147,7,3,S,symf,muzyk,wrazenie
1148,8,4,S,symf,muzyk,wrazenie
1149,9,2,S,symf,muzyk,wrazenie
1150,10,2,S,symf,muzyk,wrazenie
1151,11,2,S,symf,muzyk,wrazenie
1152,12,2,S,symf,muzyk,wrazenie
1153,13,4,S,symf,muzyk,wrazenie
1154,14,5,S,symf,muzyk,wrazenie
1155,15,4,S,symf,muzyk,wrazenie
1156,16,2,S,symf,muzyk,wrazenie
1157,17,2,S,symf,muzyk,wrazenie
1158,18,3,S,symf,muzyk,wrazenie
1159,19,3,S,symf,muzyk,wrazenie
1160,20,2,S,symf,muzyk,wrazenie
1161,21,3,S,symf,muzyk,wrazenie
1162,22,2,S,symf,muzyk,wrazenie
1163,23,2,S,symf,muzyk,wrazenie
1164,24,1,S,symf,muzyk,wrazenie
1165,25,2,S,symf,muzyk,wrazenie
1166,26,4,S,symf,muzyk,wrazenie
1167,27,4,S,symf,muzyk,wrazenie
1168,28,4,S,symf,muzyk,wrazenie
1169,29,4,S,symf,muzyk,wrazenie
1170,30,4,S,symf,muzyk,wrazenie
1171,31,4,S,symf,muzyk,wrazenie
1172,32,2,S,symf,muzyk,wrazenie
1173,33,4,S,symf,muzyk,wrazenie
1174,34,3,S,symf,muzyk,wrazenie
1175,35,5,S,symf,muzyk,wrazenie
1176,36,3,S,symf,muzyk,wrazenie
1177,37,3,S,symf,muzyk,wrazenie
1178,38,2,S,symf,muzyk,wrazenie
1179,1,5,N,symf,muzyk,wrazenie
1180,2,5,N,symf,muzyk,wrazenie
1181,3,4,N,symf,muzyk,wrazenie
1182,4,4,N,symf,muzyk,wrazenie
1183,5,3,N,symf,muzyk,wrazenie
1184,6,4,N,symf,muzyk,wrazenie
1185,7,4,N,symf,muzyk,wrazenie
1186,8,3,N,symf,muzyk,wrazenie
1187,9,4,N,symf,muzyk,wrazenie
1188,10,4,N,symf,muzyk,wrazenie
1189,11,3,N,symf,muzyk,wrazenie
1190,12,4,N,symf,muzyk,wrazenie
1191,13,4,N,symf,muzyk,wrazenie
1192,14,5,N,symf,muzyk,wrazenie
1193,15,4,N,symf,muzyk,wrazenie
1194,16,4,N,symf,muzyk,wrazenie
1195,17,4,N,symf,muzyk,wrazenie
1196,18,5,N,symf,muzyk,wrazenie
1197,19,4,N,symf,muzyk,wrazenie
1198,20,5,N,symf,muzyk,wrazenie
1199,21,4,N,symf,muzyk,wrazenie
1200,22,4,N,symf,muzyk,wrazenie
1201,23,3,N,symf,muzyk,wrazenie
1202,24,3,N,symf,muzyk,wrazenie
1203,25,4,N,symf,muzyk,wrazenie
1204,26,5,N,symf,muzyk,wrazenie
1205,27,5,N,symf,muzyk,wrazenie
1206,28,3,N,symf,muzyk,wrazenie
1207,29,5,N,symf,muzyk,wrazenie
1208,30,5,N,symf,muzyk,wrazenie
1209,31,4,N,symf,muzyk,wrazenie
1210,32,4,N,symf,muzyk,wrazenie
1211,33,4,N,symf,muzyk,wrazenie
1212,34,2,N,symf,muzyk,wrazenie
1213,35,5,N,symf,muzyk,wrazenie
1214,36,5,N,symf,muzyk,wrazenie
1215,37,3,N,symf,muzyk,wrazenie
1216,38,3,N,symf,muzyk,wrazenie
1217,1,2,S,pop,muzyk,wrazenie
1218,2,3,S,pop,muzyk,wrazenie
1219,3,1,S,pop,muzyk,wrazenie
1220,4,1,S,pop,muzyk,wrazenie
1221,5,2,S,pop,muzyk,wrazenie
1222,6,3,S,pop,muzyk,wrazenie
1223,7,3,S,pop,muzyk,wrazenie
1224,8,4,S,pop,muzyk,wrazenie
1225,9,2,S,pop,muzyk,wrazenie
1226,10,2,S,pop,muzyk,wrazenie
1227,11,3,S,pop,muzyk,wrazenie
1228,12,2,S,pop,muzyk,wrazenie
1229,13,4,S,pop,muzyk,wrazenie
1230,14,4,S,pop,muzyk,wrazenie
1231,15,2,S,pop,muzyk,wrazenie
1232,16,4,S,pop,muzyk,wrazenie
1233,17,1,S,pop,muzyk,wrazenie
1234,18,4,S,pop,muzyk,wrazenie
1235,19,3,S,pop,muzyk,wrazenie
1236,20,2,S,pop,muzyk,wrazenie
1237,21,2,S,pop,muzyk,wrazenie
1238,22,2,S,pop,muzyk,wrazenie
1239,23,3,S,pop,muzyk,wrazenie
1240,24,1,S,pop,muzyk,wrazenie
1241,25,2,S,pop,muzyk,wrazenie
1242,26,4,S,pop,muzyk,wrazenie
1243,27,-1,S,pop,muzyk,wrazenie
1244,28,3,S,pop,muzyk,wrazenie
1245,29,3,S,pop,muzyk,wrazenie
1246,30,3,S,pop,muzyk,wrazenie
1247,31,3,S,pop,muzyk,wrazenie
1248,32,1,S,pop,muzyk,wrazenie
1249,33,4,S,pop,muzyk,wrazenie
1250,34,2,S,pop,muzyk,wrazenie
1251,35,5,S,pop,muzyk,wrazenie
1252,36,4,S,pop,muzyk,wrazenie
1253,37,-1,S,pop,muzyk,wrazenie
1254,38,1,S,pop,muzyk,wrazenie
1255,1,5,N,pop,muzyk,wrazenie
1256,2,4,N,pop,muzyk,wrazenie
1257,3,3,N,pop,muzyk,wrazenie
1258,4,2,N,pop,muzyk,wrazenie
1259,5,2,N,pop,muzyk,wrazenie
1260,6,4,N,pop,muzyk,wrazenie
1261,7,4,N,pop,muzyk,wrazenie
1262,8,4,N,pop,muzyk,wrazenie
1263,9,4,N,pop,muzyk,wrazenie
1264,10,3,N,pop,muzyk,wrazenie
1265,11,4,N,pop,muzyk,wrazenie
1266,12,4,N,pop,muzyk,wrazenie
1267,13,4,N,pop,muzyk,wrazenie
1268,14,3,N,pop,muzyk,wrazenie
1269,15,3,N,pop,muzyk,wrazenie
1270,16,5,N,pop,muzyk,wrazenie
1271,17,4,N,pop,muzyk,wrazenie
1272,18,4,N,pop,muzyk,wrazenie
1273,19,4,N,pop,muzyk,wrazenie
1274,20,4,N,pop,muzyk,wrazenie
1275,21,4,N,pop,muzyk,wrazenie
1276,22,4,N,pop,muzyk,wrazenie
1277,23,4,N,pop,muzyk,wrazenie
1278,24,2,N,pop,muzyk,wrazenie
1279,25,3,N,pop,muzyk,wrazenie
1280,26,5,N,pop,muzyk,wrazenie
1281,27,5,N,pop,muzyk,wrazenie
1282,28,4,N,pop,muzyk,wrazenie
1283,29,4,N,pop,muzyk,wrazenie
1284,30,4,N,pop,muzyk,wrazenie
1285,31,4,N,pop,muzyk,wrazenie
1286,32,2,N,pop,muzyk,wrazenie
1287,33,4,N,pop,muzyk,wrazenie
1288,34,3,N,pop,muzyk,wrazenie
1289,35,5,N,pop,muzyk,wrazenie
1290,36,5,N,pop,muzyk,wrazenie
1291,37,-1,N,pop,muzyk,wrazenie
1292,38,1,N,pop,muzyk,wrazenie
1293,1,2,S,jazz,muzyk,wrazenie
1294,2,1,S,jazz,muzyk,wrazenie
1295,3,4,S,jazz,muzyk,wrazenie
1296,4,2,S,jazz,muzyk,wrazenie
1297,5,3,S,jazz,muzyk,wrazenie
1298,6,2,S,jazz,muzyk,wrazenie
1299,7,3,S,jazz,muzyk,wrazenie
1300,8,3,S,jazz,muzyk,wrazenie
1301,9,4,S,jazz,muzyk,wrazenie
1302,10,3,S,jazz,muzyk,wrazenie
1303,11,3,S,jazz,muzyk,wrazenie
1304,12,1,S,jazz,muzyk,wrazenie
1305,13,4,S,jazz,muzyk,wrazenie
1306,14,3,S,jazz,muzyk,wrazenie
1307,15,4,S,jazz,muzyk,wrazenie
1308,16,5,S,jazz,muzyk,wrazenie
1309,17,4,S,jazz,muzyk,wrazenie
1310,18,3,S,jazz,muzyk,wrazenie
1311,19,2,S,jazz,muzyk,wrazenie
1312,20,2,S,jazz,muzyk,wrazenie
1313,21,3,S,jazz,muzyk,wrazenie
1314,22,3,S,jazz,muzyk,wrazenie
1315,23,2,S,jazz,muzyk,wrazenie
1316,24,-1,S,jazz,muzyk,wrazenie
1317,25,4,S,jazz,muzyk,wrazenie
1318,26,4,S,jazz,muzyk,wrazenie
1319,27,4,S,jazz,muzyk,wrazenie
1320,28,4,S,jazz,muzyk,wrazenie
1321,29,4,S,jazz,muzyk,wrazenie
1322,30,3,S,jazz,muzyk,wrazenie
1323,31,5,S,jazz,muzyk,wrazenie
1324,32,3,S,jazz,muzyk,wrazenie
1325,33,3,S,jazz,muzyk,wrazenie
1326,34,4,S,jazz,muzyk,wrazenie
1327,35,5,S,jazz,muzyk,wrazenie
1328,36,4,S,jazz,muzyk,wrazenie
1329,37,5,S,jazz,muzyk,wrazenie
1330,38,2,S,jazz,muzyk,wrazenie
1331,1,5,N,jazz,muzyk,wrazenie
1332,2,5,N,jazz,muzyk,wrazenie
1333,3,3,N,jazz,muzyk,wrazenie
1334,4,5,N,jazz,muzyk,wrazenie
1335,5,4,N,jazz,muzyk,wrazenie
1336,6,3,N,jazz,muzyk,wrazenie
1337,7,4,N,jazz,muzyk,wrazenie
1338,8,5,N,jazz,muzyk,wrazenie
1339,9,3,N,jazz,muzyk,wrazenie
1340,10,5,N,jazz,muzyk,wrazenie
1341,11,2,N,jazz,muzyk,wrazenie
1342,12,4,N,jazz,muzyk,wrazenie
1343,13,4,N,jazz,muzyk,wrazenie
1344,14,5,N,jazz,muzyk,wrazenie
1345,15,4,N,jazz,muzyk,wrazenie
1346,16,4,N,jazz,muzyk,wrazenie
1347,17,5,N,jazz,muzyk,wrazenie
1348,18,5,N,jazz,muzyk,wrazenie
1349,19,4,N,jazz,muzyk,wrazenie
1350,20,4,N,jazz,muzyk,wrazenie
1351,21,5,N,jazz,muzyk,wrazenie
1352,22,4,N,jazz,muzyk,wrazenie
1353,23,4,N,jazz,muzyk,wrazenie
1354,24,4,N,jazz,muzyk,wrazenie
1355,25,4,N,jazz,muzyk,wrazenie
1356,26,5,N,jazz,muzyk,wrazenie
1357,27,3,N,jazz,muzyk,wrazenie
1358,28,4,N,jazz,muzyk,wrazenie
1359,29,5,N,jazz,muzyk,wrazenie
1360,30,4,N,jazz,muzyk,wrazenie
1361,31,4,N,jazz,muzyk,wrazenie
1362,32,5,N,jazz,muzyk,wrazenie
1363,33,3,N,jazz,muzyk,wrazenie
1364,34,5,N,jazz,muzyk,wrazenie
1365,35,4,N,jazz,muzyk,wrazenie
1366,36,5,N,jazz,muzyk,wrazenie
1367,37,4,N,jazz,muzyk,wrazenie
1368,38,4,N,jazz,muzyk,wrazenie
